"DVSA5201 Theory car pass rates by gender, month and DTC",,,,,,,,,,,
,,,,,,,,,,,
Time Period Captured,April 2021 to March 2022,,,,,,,,,,
,,,,,,,,,,,
,Male tests,,,,Female tests ,,,,Total tests,,
 ,Conducted,Passes,Pass rate (%),,Conducted,Passes,Pass rate (%),,Conducted,Passes,Pass rate (%)
Aberdeen,,,,,,,,,,,
April 2021,107,79,73.8, ,77,53,68.8, ,185,133,71.9
May 2021,431,283,65.7, ,523,364,69.6, ,954,647,67.8
June 2021,463,258,55.7, ,586,395,67.4, ,1049,653,62.2
Aberdeen,1001,620,61.9, ,1186,812,68.5, ,2188,1433,65.5
 ,,,,,,,,,,,
Aberystwyth,,,,,,,,,,,
April 2021,57,34,59.6, ,69,50,72.5, ,126,84,66.7
May 2021,114,66,57.9, ,103,63,61.2, ,217,129,59.4
June 2021,97,54,55.7, ,123,79,64.2, ,220,133,60.5
Aberystwyth,268,154,57.5, ,295,192,65.1, ,563,346,61.5
 ,,,,,,,,,,,
Aldershot,,,,,,,,,,,
April 2021,576,325,56.4, ,496,312,62.9, ,1072,637,59.4
May 2021,868,492,56.7, ,875,535,61.1, ,1743,1027,58.9
June 2021,917,475,51.8, ,832,438,52.6, ,1751,915,52.3
Aldershot,2361,1292,54.7, ,2203,1285,58.3, ,4566,2579,56.5
 ,,,,,,,,,,,
Andover (Portland House),,,,,,,,,,,
April 2021,237,135,57.0, ,183,116,63.4, ,420,251,59.8
May 2021,528,312,59.1, ,498,299,60.0, ,1026,611,59.6
June 2021,371,191,51.5, ,392,234,59.7, ,763,425,55.7
Andover (Portland House),1136,638,56.2, ,1073,649,60.5, ,2209,1287,58.3
 ,,,,,,,,,,,
Axminster,,,,,,,,,,,
June 2021,..,..,25.0, ,..,..,66.7, ,..,..,..
Axminster,..,..,25.0, ,..,..,66.7, ,..,..,..
 ,,,,,,,,,,,
Aylesbury2,,,,,,,,,,,
April 2021,464,266,57.3, ,414,266,64.3, ,878,532,60.6
May 2021,1045,585,56.0, ,927,565,60.9, ,1973,1151,58.3
June 2021,1004,503,50.1, ,956,538,56.3, ,1960,1041,53.1
Aylesbury2,2513,1354,53.9, ,2297,1369,59.6, ,4811,2724,56.6
 ,,,,,,,,,,,
Ayr,,,,,,,,,,,
April 2021,47,31,66.0, ,56,34,60.7, ,103,65,63.1
May 2021,312,189,60.6, ,372,251,67.5, ,684,440,64.3
June 2021,338,203,60.1, ,423,277,65.5, ,761,480,63.1
Ayr,697,423,60.7, ,851,562,66.0, ,1548,985,63.6
 ,,,,,,,,,,,
Bangor,,,,,,,,,,,
April 2021,245,135,55.1, ,202,125,61.9, ,447,260,58.2
May 2021,483,235,48.7, ,472,267,56.6, ,955,502,52.6
June 2021,438,218,49.8, ,469,237,50.5, ,907,455,50.2
Bangor,1166,588,50.4, ,1143,629,55.0, ,2309,1217,52.7
 ,,,,,,,,,,,
Barnstaple,,,,,,,,,,,
April 2021,197,110,55.8, ,163,107,65.6, ,360,217,60.3
May 2021,334,169,50.6, ,297,184,62.0, ,631,353,55.9
June 2021,315,152,48.3, ,296,156,52.7, ,611,308,50.4
Barnstaple,846,431,50.9, ,756,447,59.1, ,1602,878,54.8
 ,,,,,,,,,,,
Barrow,,,,,,,,,,,
April 2021,93,60,64.5, ,103,62,60.2, ,196,122,62.2
May 2021,144,83,57.6, ,132,75,56.8, ,276,158,57.2
June 2021,237,123,51.9, ,234,131,56.0, ,471,254,53.9
Barrow,474,266,56.1, ,469,268,57.1, ,943,534,56.6
 ,,,,,,,,,,,
Basildon,,,,,,,,,,,
April 2021,695,381,54.8, ,608,365,60.0, ,1303,746,57.3
May 2021,1058,540,51.0, ,1088,582,53.5, ,2146,1122,52.3
June 2021,1121,529,47.2, ,1238,651,52.6, ,2359,1180,50.0
Basildon,2874,1450,50.5, ,2934,1598,54.5, ,5808,3048,52.5
 ,,,,,,,,,,,
Berwick2,,,,,,,,,,,
April 2021,79,57,72.2, ,70,46,65.7, ,149,103,69.1
May 2021,167,118,70.7, ,164,117,71.3, ,331,235,71.0
June 2021,185,118,63.8, ,196,137,69.9, ,381,255,66.9
Berwick2,431,293,68.0, ,430,300,69.8, ,861,593,68.9
 ,,,,,,,,,,,
Birmingham,,,,,,,,,,,
April 2021,2177,1027,47.2, ,1510,759,50.3, ,3687,1786,48.4
May 2021,3129,1416,45.3, ,2625,1309,49.9, ,5754,2725,47.4
June 2021,2986,1337,44.8, ,3035,1483,48.9, ,6022,2821,46.8
Birmingham,8292,3780,45.6, ,7170,3551,49.5, ,15463,7332,47.4
 ,,,,,,,,,,,
Blackpool,,,,,,,,,,,
April 2021,464,248,53.4, ,341,213,62.5, ,805,461,57.3
May 2021,816,446,54.7, ,777,423,54.4, ,1593,869,54.6
June 2021,705,365,51.8, ,840,451,53.7, ,1545,816,52.8
Blackpool,1985,1059,53.4, ,1958,1087,55.5, ,3943,2146,54.4
 ,,,,,,,,,,,
Blandford Forum,,,,,,,,,,,
June 2021,..,..,75.0, ,..,..,55.6, ,17,11,64.7
Blandford Forum,..,..,75.0, ,..,..,55.6, ,17,11,64.7
 ,,,,,,,,,,,
Bodmin,,,,,,,,,,,
April 2021,..,..,.., ,..,..,75.0, ,..,..,62.5
June 2021,..,..,.., ,..,..,60.0, ,..,..,57.1
Bodmin,..,..,.., ,..,..,66.7, ,..,..,60.0
 ,,,,,,,,,,,
Bolton,,,,,,,,,,,
April 2021,886,455,51.4, ,639,353,55.2, ,1525,808,53.0
May 2021,1436,673,46.9, ,1235,638,51.7, ,2671,1311,49.1
June 2021,1233,500,40.6, ,1190,606,50.9, ,2423,1106,45.6
Bolton,3555,1628,45.8, ,3064,1597,52.1, ,6619,3225,48.7
 ,,,,,,,,,,,
Boston,,,,,,,,,,,
April 2021,246,126,51.2, ,195,111,56.9, ,441,237,53.7
May 2021,478,210,43.9, ,402,203,50.5, ,880,413,46.9
June 2021,475,182,38.3, ,420,188,44.8, ,895,370,41.3
Boston,1199,518,43.2, ,1017,502,49.4, ,2216,1020,46.0
 ,,,,,,,,,,,
Bournemouth,,,,,,,,,,,
April 2021,618,340,55.0, ,513,325,63.4, ,1131,665,58.8
May 2021,964,525,54.5, ,960,582,60.6, ,1924,1107,57.5
June 2021,1045,524,50.1, ,949,559,58.9, ,1994,1083,54.3
Bournemouth,2627,1389,52.9, ,2422,1466,60.5, ,5049,2855,56.5
 ,,,,,,,,,,,
Bradford,,,,,,,,,,,
April 2021,1236,618,50.0, ,877,438,49.9, ,2115,1056,49.9
May 2021,1834,807,44.0, ,1580,781,49.4, ,3415,1588,46.5
June 2021,1674,668,39.9, ,1661,772,46.5, ,3335,1440,43.2
Bradford,4744,2093,44.1, ,4118,1991,48.3, ,8865,4084,46.1
 ,,,,,,,,,,,
Brechin,,,,,,,,,,,
May 2021,..,..,66.7, ,..,..,83.3, ,12,9,75.0
Brechin,..,..,66.7, ,..,..,83.3, ,12,9,75.0
 ,,,,,,,,,,,
Bridgend,,,,,,,,,,,
April 2021,274,140,51.1, ,246,144,58.5, ,520,284,54.6
May 2021,503,262,52.1, ,511,278,54.4, ,1014,540,53.3
June 2021,685,333,48.6, ,655,326,49.8, ,1340,659,49.2
Bridgend,1462,735,50.3, ,1412,748,53.0, ,2874,1483,51.6
 ,,,,,,,,,,,
Brighton,,,,,,,,,,,
April 2021,535,332,62.1, ,451,302,67.0, ,986,634,64.3
May 2021,940,512,54.5, ,765,496,64.8, ,1705,1008,59.1
June 2021,868,454,52.3, ,829,505,60.9, ,1698,960,56.5
Brighton,2343,1298,55.4, ,2045,1303,63.7, ,4389,2602,59.3
 ,,,,,,,,,,,
Bristol (Temple Back),,,,,,,,,,,
May 2021,787,448,56.9, ,659,394,59.8, ,1446,842,58.2
June 2021,2682,1438,53.6, ,2548,1478,58.0, ,5231,2917,55.8
Bristol (Temple Back),3469,1886,54.4, ,3207,1872,58.4, ,6677,3759,56.3
 ,,,,,,,,,,,
Builth Wells,,,,,,,,,,,
April 2021,53,28,52.8, ,55,35,63.6, ,108,63,58.3
May 2021,94,54,57.4, ,111,74,66.7, ,205,128,62.4
June 2021,97,41,42.3, ,110,67,60.9, ,207,108,52.2
Builth Wells,244,123,50.4, ,276,176,63.8, ,520,299,57.5
 ,,,,,,,,,,,
Bury St Edmunds,,,,,,,,,,,
April 2021,269,147,54.6, ,255,166,65.1, ,524,313,59.7
May 2021,558,293,52.5, ,537,291,54.2, ,1095,584,53.3
June 2021,525,265,50.5, ,486,247,50.8, ,1011,512,50.6
Bury St Edmunds,1352,705,52.1, ,1278,704,55.1, ,2630,1409,53.6
 ,,,,,,,,,,,
Cambridge,,,,,,,,,,,
April 2021,709,455,64.2, ,596,420,70.5, ,1307,877,67.1
May 2021,1416,844,59.6, ,1270,810,63.8, ,2686,1654,61.6
June 2021,1469,756,51.5, ,1338,816,61.0, ,2807,1572,56.0
Cambridge,3594,2055,57.2, ,3204,2046,63.9, ,6800,4103,60.3
 ,,,,,,,,,,,
Canterbury (Lower Bridge Street),,,,,,,,,,,
April 2021,773,459,59.4, ,717,445,62.1, ,1490,904,60.7
May 2021,1303,682,52.3, ,1259,770,61.2, ,2563,1452,56.7
June 2021,1240,634,51.1, ,1166,646,55.4, ,2406,1280,53.2
Canterbury (Lower Bridge Street),3316,1775,53.5, ,3142,1861,59.2, ,6459,3636,56.3
 ,,,,,,,,,,,
Cardiff,,,,,,,,,,,
April 2021,892,508,57.0, ,671,407,60.7, ,1563,915,58.5
May 2021,1229,630,51.3, ,1154,677,58.7, ,2384,1308,54.9
June 2021,1417,730,51.5, ,1380,770,55.8, ,2798,1501,53.6
Cardiff,3538,1868,52.8, ,3205,1854,57.8, ,6745,3724,55.2
 ,,,,,,,,,,,
Carlisle,,,,,,,,,,,
April 2021,193,125,64.8, ,186,138,74.2, ,379,263,69.4
May 2021,293,198,67.6, ,298,208,69.8, ,591,406,68.7
June 2021,371,231,62.3, ,387,249,64.3, ,758,480,63.3
Carlisle,857,554,64.6, ,871,595,68.3, ,1728,1149,66.5
 ,,,,,,,,,,,
Chatham,,,,,,,,,,,
April 2021,691,413,59.8, ,646,394,61.0, ,1337,807,60.4
May 2021,1590,880,55.3, ,1374,794,57.8, ,2965,1675,56.5
June 2021,1731,871,50.3, ,1874,1015,54.2, ,3605,1886,52.3
Chatham,4012,2164,53.9, ,3894,2203,56.6, ,7907,4368,55.2
 ,,,,,,,,,,,
Chelmsford,,,,,,,,,,,
April 2021,522,311,59.6, ,463,290,62.6, ,985,601,61.0
May 2021,1114,619,55.6, ,985,588,59.7, ,2099,1207,57.5
June 2021,1208,641,53.1, ,1151,634,55.1, ,2360,1275,54.0
Chelmsford,2844,1571,55.2, ,2599,1512,58.2, ,5444,3083,56.6
 ,,,,,,,,,,,
Cheltenham (Albion Street),,,,,,,,,,,
April 2021,289,189,65.4, ,273,184,67.4, ,563,373,66.3
May 2021,545,324,59.4, ,543,346,63.7, ,1090,671,61.6
June 2021,500,257,51.4, ,484,275,56.8, ,984,532,54.1
Cheltenham (Albion Street),1334,770,57.7, ,1300,805,61.9, ,2637,1576,59.8
 ,,,,,,,,,,,
Chester,,,,,,,,,,,
April 2021,855,500,58.5, ,765,492,64.3, ,1621,993,61.3
May 2021,1359,760,55.9, ,1450,919,63.4, ,2810,1680,59.8
June 2021,1279,664,51.9, ,1308,739,56.5, ,2589,1404,54.2
Chester,3493,1924,55.1, ,3523,2150,61.0, ,7020,4077,58.1
 ,,,,,,,,,,,
Chesterfield,,,,,,,,,,,
April 2021,356,195,54.8, ,273,169,61.9, ,629,364,57.9
May 2021,829,420,50.7, ,652,363,55.7, ,1483,784,52.9
June 2021,751,368,49.0, ,650,360,55.4, ,1401,728,52.0
Chesterfield,1936,983,50.8, ,1575,892,56.6, ,3513,1876,53.4
 ,,,,,,,,,,,
Chichester,,,,,,,,,,,
April 2021,257,161,62.6, ,237,148,62.4, ,494,309,62.6
May 2021,510,269,52.7, ,462,284,61.5, ,972,553,56.9
June 2021,520,248,47.7, ,507,272,53.6, ,1029,521,50.6
Chichester,1287,678,52.7, ,1206,704,58.4, ,2495,1383,55.4
 ,,,,,,,,,,,
Clydebank (Erskine House),,,,,,,,,,,
April 2021,78,45,57.7, ,73,51,69.9, ,151,96,63.6
May 2021,388,249,64.2, ,407,275,67.6, ,795,524,65.9
June 2021,422,243,57.6, ,471,318,67.5, ,894,562,62.9
Clydebank (Erskine House),888,537,60.5, ,951,644,67.7, ,1840,1182,64.2
 ,,,,,,,,,,,
Colchester,,,,,,,,,,,
April 2021,485,271,55.9, ,429,266,62.0, ,914,537,58.8
May 2021,967,466,48.2, ,830,452,54.5, ,1797,918,51.1
June 2021,890,427,48.0, ,800,413,51.6, ,1690,840,49.7
Colchester,2342,1164,49.7, ,2059,1131,54.9, ,4401,2295,52.1
 ,,,,,,,,,,,
Corby,,,,,,,,,,,
April 2021,494,268,54.3, ,370,224,60.5, ,865,492,56.9
May 2021,1072,540,50.4, ,836,470,56.2, ,1908,1010,52.9
June 2021,973,475,48.8, ,797,431,54.1, ,1770,906,51.2
Corby,2539,1283,50.5, ,2003,1125,56.2, ,4543,2408,53.0
 ,,,,,,,,,,,
Coventry,,,,,,,,,,,
April 2021,980,486,49.6, ,760,431,56.7, ,1740,917,52.7
May 2021,1437,709,49.3, ,1393,808,58.0, ,2830,1517,53.6
June 2021,1509,734,48.6, ,1549,810,52.3, ,3061,1545,50.5
Coventry,3926,1929,49.1, ,3702,2049,55.3, ,7631,3979,52.1
 ,,,,,,,,,,,
Cromer,,,,,,,,,,,
April 2021,..,..,50.0, ,..,..,66.7, ,..,..,58.3
June 2021,..,..,.., ,..,..,.., ,..,..,33.3
Cromer,..,..,37.5, ,..,..,60.0, ,..,..,..
 ,,,,,,,,,,,
Croydon,,,,,,,,,,,
April 2021,1857,1140,61.4, ,1517,889,58.6, ,3374,2029,60.1
May 2021,2431,1393,57.3, ,2216,1255,56.6, ,4647,2648,57.0
June 2021,2230,1219,54.7, ,2235,1141,51.1, ,4465,2360,52.9
Croydon,6518,3752,57.6, ,5968,3285,55.0, ,12486,7037,56.4
 ,,,,,,,,,,,
Croydon / Horley,,,,,,,,,,,
April 2021,743,453,61.0, ,664,451,67.9, ,1407,904,64.3
May 2021,1334,756,56.7, ,1153,673,58.4, ,2487,1429,57.5
June 2021,1343,707,52.6, ,1259,700,55.6, ,2602,1407,54.1
Croydon / Horley,3420,1916,56.0, ,3076,1824,59.3, ,6496,3740,57.6
 ,,,,,,,,,,,
Derby,,,,,,,,,,,
April 2021,950,496,52.2, ,676,430,63.6, ,1626,926,56.9
May 2021,1454,735,50.6, ,1310,749,57.2, ,2764,1484,53.7
June 2021,1514,720,47.6, ,1402,762,54.4, ,2916,1482,50.8
Derby,3918,1951,49.8, ,3388,1941,57.3, ,7306,3892,53.3
 ,,,,,,,,,,,
Dereham,,,,,,,,,,,
April 2021,..,..,.., ,..,..,60.0, ,..,..,57.1
June 2021,..,..,.., ,..,..,77.8, ,..,..,72.7
Dereham,..,..,.., ,..,..,71.4, ,18,12,66.7
 ,,,,,,,,,,,
Doncaster,,,,,,,,,,,
April 2021,652,330,50.6, ,571,333,58.3, ,1223,663,54.2
May 2021,1052,541,51.4, ,977,561,57.4, ,2030,1103,54.3
June 2021,919,446,48.5, ,1015,525,51.7, ,1934,971,50.2
Doncaster,2623,1317,50.2, ,2563,1419,55.4, ,5187,2737,52.8
 ,,,,,,,,,,,
Driffield,,,,,,,,,,,
May 2021,..,..,.., ,..,..,.., ,..,..,..
Driffield,..,..,.., ,..,..,.., ,..,..,..
 ,,,,,,,,,,,
Dudley,,,,,,,,,,,
April 2021,983,448,45.6, ,723,368,50.9, ,1706,816,47.8
May 2021,1511,742,49.1, ,1300,691,53.2, ,2811,1433,51.0
June 2021,1569,700,44.6, ,1525,701,46.0, ,3094,1401,45.3
Dudley,4063,1890,46.5, ,3548,1760,49.6, ,7611,3650,48.0
 ,,,,,,,,,,,
Dumfries,,,,,,,,,,,
April 2021,12,9,75.0, ,14,10,71.4, ,26,19,73.1
May 2021,93,65,69.9, ,88,64,72.7, ,181,129,71.3
June 2021,112,73,65.2, ,116,69,59.5, ,228,142,62.3
Dumfries,217,147,67.7, ,218,143,65.6, ,435,290,66.7
 ,,,,,,,,,,,
Dundee,,,,,,,,,,,
April 2021,54,38,70.4, ,48,37,77.1, ,102,75,73.5
May 2021,452,313,69.2, ,460,324,70.4, ,912,637,69.8
June 2021,549,344,62.7, ,534,391,73.2, ,1083,735,67.9
Dundee,1055,695,65.9, ,1042,752,72.2, ,2097,1447,69.0
 ,,,,,,,,,,,
Eastbourne,,,,,,,,,,,
April 2021,241,135,56.0, ,250,154,61.6, ,491,289,58.9
May 2021,561,283,50.4, ,482,282,58.5, ,1044,566,54.2
June 2021,526,242,46.0, ,520,283,54.4, ,1046,525,50.2
Eastbourne,1328,660,49.7, ,1252,719,57.4, ,2581,1380,53.5
 ,,,,,,,,,,,
Edinburgh,,,,,,,,,,,
April 2021,97,63,64.9, ,75,50,66.7, ,172,113,65.7
May 2021,520,361,69.4, ,552,393,71.2, ,1073,754,70.3
June 2021,447,271,60.6, ,541,385,71.2, ,988,656,66.4
Edinburgh,1064,695,65.3, ,1168,828,70.9, ,2233,1523,68.2
 ,,,,,,,,,,,
Elgin,,,,,,,,,,,
April 2021,24,17,70.8, ,23,16,69.6, ,47,33,70.2
May 2021,223,153,68.6, ,218,146,67.0, ,441,299,67.8
June 2021,245,144,58.8, ,259,170,65.6, ,504,314,62.3
Elgin,492,314,63.8, ,500,332,66.4, ,992,646,65.1
 ,,,,,,,,,,,
Ely,,,,,,,,,,,
April 2021,..,..,80.0, ,..,..,.., ,..,..,75.0
June 2021,..,..,.., ,..,..,.., ,..,..,80.0
Ely,..,..,84.6, ,..,..,.., ,17,13,76.5
 ,,,,,,,,,,,
Exeter 2,,,,,,,,,,,
April 2021,471,277,58.8, ,397,270,68.0, ,868,547,63.0
May 2021,768,434,56.5, ,713,439,61.6, ,1481,873,58.9
June 2021,853,415,48.7, ,782,458,58.6, ,1635,873,53.4
Exeter 2,2092,1126,53.8, ,1892,1167,61.7, ,3984,2293,57.6
 ,,,,,,,,,,,
Fareham,,,,,,,,,,,
April 2021,377,207,54.9, ,322,195,60.6, ,699,402,57.5
May 2021,723,386,53.4, ,606,350,57.8, ,1329,736,55.4
June 2021,788,388,49.2, ,666,348,52.3, ,1454,736,50.6
Fareham,1888,981,52.0, ,1594,893,56.0, ,3482,1874,53.8
 ,,,,,,,,,,,
Fort William (The Nevis Centre),,,,,,,,,,,
May 2021,53,36,67.9, ,62,48,77.4, ,115,84,73.0
June 2021,19,16,84.2, ,31,22,71.0, ,50,38,76.0
Fort William (The Nevis Centre),72,52,72.2, ,93,70,75.3, ,165,122,73.9
 ,,,,,,,,,,,
Frome (Tucker Close),,,,,,,,,,,
April 2021,499,303,60.7, ,449,304,67.7, ,948,607,64.0
May 2021,687,390,56.8, ,671,417,62.1, ,1358,807,59.4
June 2021,777,382,49.2, ,666,365,54.8, ,1443,747,51.8
Frome (Tucker Close),1963,1075,54.8, ,1786,1086,60.8, ,3749,2161,57.6
 ,,,,,,,,,,,
Gairloch,,,,,,,,,,,
June 2021,..,..,85.7, ,..,..,62.5, ,15,11,73.3
Gairloch,..,..,85.7, ,..,..,62.5, ,15,11,73.3
 ,,,,,,,,,,,
Galashiels,,,,,,,,,,,
April 2021,9,6,66.7, ,8,6,75.0, ,17,12,70.6
May 2021,88,74,84.1, ,77,62,80.5, ,165,136,82.4
June 2021,73,52,71.2, ,85,70,82.4, ,158,122,77.2
Galashiels,170,132,77.6, ,170,138,81.2, ,340,270,79.4
 ,,,,,,,,,,,
Glasgow,,,,,,,,,,,
April 2021,176,113,64.2, ,181,137,75.7, ,357,250,70.0
May 2021,847,555,65.5, ,943,678,71.9, ,1790,1233,68.9
June 2021,782,494,63.2, ,1023,700,68.4, ,1805,1194,66.1
Glasgow,1805,1162,64.4, ,2147,1515,70.6, ,3952,2677,67.7
 ,,,,,,,,,,,
Gloucester,,,,,,,,,,,
April 2021,393,232,59.0, ,430,267,62.1, ,823,499,60.6
May 2021,857,441,51.5, ,824,459,55.7, ,1681,900,53.5
June 2021,732,346,47.3, ,733,403,55.0, ,1465,749,51.1
Gloucester,1982,1019,51.4, ,1987,1129,56.8, ,3969,2148,54.1
 ,,,,,,,,,,,
Grantham,,,,,,,,,,,
April 2021,193,112,58.0, ,148,100,67.6, ,341,212,62.2
May 2021,424,240,56.6, ,403,244,60.5, ,827,484,58.5
June 2021,367,183,49.9, ,407,182,44.7, ,774,365,47.2
Grantham,984,535,54.4, ,958,526,54.9, ,1942,1061,54.6
 ,,,,,,,,,,,
Greenock,,,,,,,,,,,
April 2021,12,7,58.3, ,9,9,100.0, ,21,16,76.2
May 2021,172,120,69.8, ,175,117,66.9, ,347,237,68.3
June 2021,177,110,62.1, ,225,155,68.9, ,403,266,66.0
Greenock,361,237,65.7, ,409,281,68.7, ,771,519,67.3
 ,,,,,,,,,,,
Grimsby,,,,,,,,,,,
April 2021,287,151,52.6, ,251,121,48.2, ,538,272,50.6
May 2021,549,268,48.8, ,588,321,54.6, ,1137,589,51.8
June 2021,576,255,44.3, ,550,282,51.3, ,1126,537,47.7
Grimsby,1412,674,47.7, ,1389,724,52.1, ,2801,1398,49.9
 ,,,,,,,,,,,
Guildford,,,,,,,,,,,
April 2021,687,451,65.6, ,542,368,67.9, ,1229,819,66.6
May 2021,1090,659,60.5, ,966,634,65.6, ,2056,1293,62.9
June 2021,1182,650,55.0, ,1080,684,63.3, ,2263,1335,59.0
Guildford,2959,1760,59.5, ,2588,1686,65.1, ,5548,3447,62.1
 ,,,,,,,,,,,
Harlow,,,,,,,,,,,
April 2021,508,282,55.5, ,385,232,60.3, ,893,514,57.6
May 2021,945,541,57.2, ,811,478,58.9, ,1756,1019,58.0
June 2021,975,509,52.2, ,884,460,52.0, ,1859,969,52.1
Harlow,2428,1332,54.9, ,2080,1170,56.3, ,4508,2502,55.5
 ,,,,,,,,,,,
Harrogate,,,,,,,,,,,
April 2021,268,157,58.6, ,228,149,65.4, ,496,306,61.7
May 2021,635,333,52.4, ,547,350,64.0, ,1182,683,57.8
June 2021,701,341,48.6, ,658,347,52.7, ,1359,688,50.6
Harrogate,1604,831,51.8, ,1433,846,59.0, ,3037,1677,55.2
 ,,,,,,,,,,,
Hastings,,,,,,,,,,,
April 2021,278,178,64.0, ,271,170,62.7, ,550,349,63.5
May 2021,670,343,51.2, ,567,334,58.9, ,1237,677,54.7
June 2021,645,304,47.1, ,562,276,49.1, ,1207,580,48.1
Hastings,1593,825,51.8, ,1400,780,55.7, ,2994,1606,53.6
 ,,,,,,,,,,,
Haverfordwest,,,,,,,,,,,
April 2021,196,114,58.2, ,158,103,65.2, ,354,217,61.3
May 2021,359,173,48.2, ,288,152,52.8, ,647,325,50.2
June 2021,357,193,54.1, ,343,175,51.0, ,700,368,52.6
Haverfordwest,912,480,52.6, ,789,430,54.5, ,1701,910,53.5
 ,,,,,,,,,,,
Helmsdale,,,,,,,,,,,
May 2021,..,..,36.4, ,..,..,66.7, ,20,10,50.0
Helmsdale,..,..,36.4, ,..,..,66.7, ,20,10,50.0
 ,,,,,,,,,,,
Hereford,,,,,,,,,,,
April 2021,260,145,55.8, ,220,140,63.6, ,480,285,59.4
May 2021,595,304,51.1, ,461,287,62.3, ,1056,591,56.0
June 2021,431,207,48.0, ,430,247,57.4, ,861,454,52.7
Hereford,1286,656,51.0, ,1111,674,60.7, ,2397,1330,55.5
 ,,,,,,,,,,,
Holborn,,,,,,,,,,,
June 2021,1604,880,54.9, ,1548,933,60.3, ,3152,1813,57.5
Holborn,1604,880,54.9, ,1548,933,60.3, ,3152,1813,57.5
 ,,,,,,,,,,,
Huddersfield,,,,,,,,,,,
April 2021,816,419,51.3, ,597,334,55.9, ,1414,754,53.3
May 2021,2151,1050,48.8, ,1661,944,56.8, ,3812,1994,52.3
June 2021,2008,919,45.8, ,1816,942,51.9, ,3826,1863,48.7
Huddersfield,4975,2388,48.0, ,4074,2220,54.5, ,9052,4611,50.9
 ,,,,,,,,,,,
Hull,,,,,,,,,,,
April 2021,618,326,52.8, ,523,294,56.2, ,1141,620,54.3
May 2021,1140,584,51.2, ,1083,585,54.0, ,2223,1169,52.6
June 2021,1049,500,47.7, ,1024,532,52.0, ,2073,1032,49.8
Hull,2807,1410,50.2, ,2630,1411,53.7, ,5437,2821,51.9
 ,,,,,,,,,,,
Huntly,,,,,,,,,,,
May 2021,..,..,.., ,..,..,.., ,19,16,84.2
Huntly,..,..,.., ,..,..,.., ,19,16,84.2
 ,,,,,,,,,,,
Ilford,,,,,,,,,,,
April 2021,2158,1077,49.9, ,1533,822,53.6, ,3691,1899,51.4
May 2021,2950,1392,47.2, ,2553,1276,50.0, ,5503,2668,48.5
June 2021,2843,1284,45.2, ,2825,1325,46.9, ,5670,2611,46.0
Ilford,7951,3753,47.2, ,6911,3423,49.5, ,14864,7178,48.3
 ,,,,,,,,,,,
Inverness2,,,,,,,,,,,
April 2021,46,31,67.4, ,34,23,67.6, ,80,54,67.5
May 2021,239,149,62.3, ,242,153,63.2, ,481,302,62.8
June 2021,265,165,62.3, ,333,219,65.8, ,598,384,64.2
Inverness2,550,345,62.7, ,609,395,64.9, ,1159,740,63.8
 ,,,,,,,,,,,
Ipswich,,,,,,,,,,,
April 2021,500,266,53.2, ,363,221,60.9, ,864,488,56.5
May 2021,858,438,51.0, ,736,423,57.5, ,1594,861,54.0
June 2021,722,335,46.4, ,670,338,50.4, ,1392,673,48.3
Ipswich,2080,1039,50.0, ,1769,982,55.5, ,3850,2022,52.5
 ,,,,,,,,,,,
Isle of Arran,,,,,,,,,,,
June 2021,..,..,66.7, ,..,..,.., ,..,..,57.1
Isle of Arran,..,..,66.7, ,..,..,.., ,..,..,57.1
 ,,,,,,,,,,,
Isle of Barra,,,,,,,,,,,
May 2021,..,..,66.7, ,..,..,.., ,..,..,66.7
Isle of Barra,..,..,66.7, ,..,..,.., ,..,..,66.7
 ,,,,,,,,,,,
Isle of Benbecula,,,,,,,,,,,
May 2021,..,..,45.5, ,..,..,66.7, ,26,15,57.7
June 2021,..,..,44.4, ,..,..,80.0, ,14,8,57.1
Isle of Benbecula,20,9,45.0, ,20,14,70.0, ,40,23,57.5
 ,,,,,,,,,,,
Isle of Islay,,,,,,,,,,,
May 2021,..,..,.., ,..,..,.., ,..,..,71.4
Isle of Islay,..,..,.., ,..,..,.., ,..,..,71.4
 ,,,,,,,,,,,
Isle of Mull Salen,,,,,,,,,,,
May 2021,..,..,.., ,..,..,.., ,..,..,..
June 2021,..,..,.., ,..,..,.., ,..,..,..
Isle of Mull Salen,..,..,.., ,..,..,.., ,..,..,..
 ,,,,,,,,,,,
Isle of Scilly,,,,,,,,,,,
April 2021,..,..,.., ,..,..,.., ,..,..,33.3
June 2021,..,..,.., ,..,..,.., ,..,..,66.7
Isle of Scilly,..,..,66.7, ,..,..,33.3, ,..,..,..
 ,,,,,,,,,,,
Isle of Tiree,,,,,,,,,,,
May 2021,..,..,.., ,..,..,.., ,..,..,..
Isle of Tiree,..,..,.., ,..,..,.., ,..,..,..
 ,,,,,,,,,,,
Kendal2,,,,,,,,,,,
April 2021,320,202,63.1, ,226,147,65.0, ,546,349,63.9
May 2021,713,455,63.8, ,586,397,67.7, ,1300,852,65.5
June 2021,744,453,60.9, ,698,464,66.5, ,1442,917,63.6
Kendal2,1777,1110,62.5, ,1510,1008,66.8, ,3288,2118,64.4
 ,,,,,,,,,,,
Kings Lynn,,,,,,,,,,,
April 2021,253,116,45.8, ,237,132,55.7, ,490,248,50.6
May 2021,606,287,47.4, ,497,294,59.2, ,1104,582,52.7
June 2021,524,223,42.6, ,487,241,49.5, ,1011,464,45.9
Kings Lynn,1383,626,45.3, ,1221,667,54.6, ,2605,1294,49.7
 ,,,,,,,,,,,
Kingston,,,,,,,,,,,
April 2021,1357,827,60.9, ,1068,697,65.3, ,2425,1524,62.8
May 2021,1911,1107,57.9, ,1840,1102,59.9, ,3751,2209,58.9
June 2021,1848,989,53.5, ,1940,1118,57.6, ,3788,2107,55.6
Kingston,5116,2923,57.1, ,4848,2917,60.2, ,9964,5840,58.6
 ,,,,,,,,,,,
Kirkwall2,,,,,,,,,,,
April 2021,27,18,66.7, ,11,7,63.6, ,38,25,65.8
May 2021,12,7,58.3, ,15,9,60.0, ,27,16,59.3
June 2021,15,7,46.7, ,22,15,68.2, ,37,22,59.5
Kirkwall2,54,32,59.3, ,48,31,64.6, ,102,63,61.8
 ,,,,,,,,,,,
Kyle of Lochalsh,,,,,,,,,,,
June 2021,..,..,61.5, ,..,..,71.4, ,20,13,65.0
Kyle of Lochalsh,..,..,61.5, ,..,..,71.4, ,20,13,65.0
 ,,,,,,,,,,,
Launceston,,,,,,,,,,,
June 2021,..,..,66.7, ,..,..,75.0, ,..,..,71.4
Launceston,..,..,66.7, ,..,..,75.0, ,..,..,71.4
 ,,,,,,,,,,,
Leeds,,,,,,,,,,,
April 2021,1516,796,52.5, ,1210,703,58.1, ,2727,1500,55.0
May 2021,2443,1221,50.0, ,2335,1322,56.6, ,4778,2543,53.2
June 2021,2121,1020,48.1, ,2110,1075,50.9, ,4232,2096,49.5
Leeds,6080,3037,50.0, ,5655,3100,54.8, ,11737,6139,52.3
 ,,,,,,,,,,,
Leeds A,,,,,,,,,,,
May 2021,597,272,45.6, ,469,246,52.5, ,1067,519,48.6
June 2021,2188,923,42.2, ,1812,837,46.2, ,4001,1760,44.0
Leeds A,2785,1195,42.9, ,2281,1083,47.5, ,5068,2279,45.0
 ,,,,,,,,,,,
Leeds B,,,,,,,,,,,
June 2021,66,31,47.0, ,49,21,42.9, ,115,52,45.2
Leeds B,66,31,47.0, ,49,21,42.9, ,115,52,45.2
 ,,,,,,,,,,,
Leicester,,,,,,,,,,,
April 2021,1593,715,44.9, ,1035,550,53.1, ,2628,1265,48.1
May 2021,2620,1189,45.4, ,2165,1113,51.4, ,4786,2303,48.1
June 2021,2535,1062,41.9, ,2355,1191,50.6, ,4890,2253,46.1
Leicester,6748,2966,44.0, ,5555,2854,51.4, ,12304,5821,47.3
 ,,,,,,,,,,,
Lerwick2,,,,,,,,,,,
April 2021,24,13,54.2, ,21,12,57.1, ,45,25,55.6
May 2021,25,11,44.0, ,28,19,67.9, ,53,30,56.6
June 2021,24,10,41.7, ,26,15,57.7, ,50,25,50.0
Lerwick2,73,34,46.6, ,75,46,61.3, ,148,80,54.1
 ,,,,,,,,,,,
Leven,,,,,,,,,,,
May 2021,..,..,88.9, ,..,..,71.4, ,16,13,81.3
Leven,..,..,88.9, ,..,..,71.4, ,16,13,81.3
 ,,,,,,,,,,,
Limehouse A,,,,,,,,,,,
April 2021,929,491,52.9, ,626,349,55.8, ,1555,840,54.0
May 2021,1327,702,52.9, ,936,543,58.0, ,2264,1246,55.0
June 2021,1148,581,50.6, ,923,480,52.0, ,2072,1061,51.2
Limehouse A,3404,1774,52.1, ,2485,1372,55.2, ,5891,3147,53.4
 ,,,,,,,,,,,
Limehouse B,,,,,,,,,,,
April 2021,984,544,55.3, ,537,313,58.3, ,1522,858,56.4
May 2021,1727,906,52.5, ,1192,680,57.0, ,2920,1587,54.3
June 2021,1585,787,49.7, ,1281,686,53.6, ,2866,1473,51.4
Limehouse B,4296,2237,52.1, ,3010,1679,55.8, ,7308,3918,53.6
 ,,,,,,,,,,,
Limehouse C,,,,,,,,,,,
April 2021,1549,941,60.7, ,841,507,60.3, ,2391,1449,60.6
May 2021,2454,1368,55.7, ,1530,892,58.3, ,3984,2260,56.7
June 2021,2265,1108,48.9, ,1740,960,55.2, ,4006,2069,51.6
Limehouse C,6268,3417,54.5, ,4111,2359,57.4, ,10381,5778,55.7
 ,,,,,,,,,,,
Lincoln,,,,,,,,,,,
April 2021,332,200,60.2, ,288,190,66.0, ,621,391,63.0
May 2021,773,409,52.9, ,629,369,58.7, ,1404,779,55.5
June 2021,689,329,47.8, ,647,381,58.9, ,1337,710,53.1
Lincoln,1794,938,52.3, ,1564,940,60.1, ,3362,1880,55.9
 ,,,,,,,,,,,
Liverpool,,,,,,,,,,,
April 2021,1322,719,54.4, ,1177,670,56.9, ,2503,1392,55.6
May 2021,2007,1074,53.5, ,2113,1249,59.1, ,4127,2328,56.4
June 2021,1752,920,52.5, ,2004,1089,54.3, ,3761,2010,53.4
Liverpool,5081,2713,53.4, ,5294,3008,56.8, ,10391,5730,55.1
 ,,,,,,,,,,,
Lowestoft,,,,,,,,,,,
April 2021,300,147,49.0, ,228,126,55.3, ,528,273,51.7
May 2021,496,230,46.4, ,407,205,50.4, ,903,435,48.2
June 2021,373,171,45.8, ,355,185,52.1, ,728,356,48.9
Lowestoft,1169,548,46.9, ,990,516,52.1, ,2159,1064,49.3
 ,,,,,,,,,,,
Luton,,,,,,,,,,,
April 2021,966,500,51.8, ,639,361,56.5, ,1605,861,53.6
May 2021,1302,619,47.5, ,1075,578,53.8, ,2377,1197,50.4
June 2021,1344,599,44.6, ,1276,638,50.0, ,2620,1237,47.2
Luton,3612,1718,47.6, ,2990,1577,52.7, ,6602,3295,49.9
 ,,,,,,,,,,,
Manchester (Universal Square),,,,,,,,,,,
April 2021,1767,879,49.7, ,1166,630,54.0, ,2935,1511,51.5
May 2021,2922,1362,46.6, ,2318,1294,55.8, ,5248,2660,50.7
June 2021,2481,1110,44.7, ,2280,1158,50.8, ,4762,2269,47.6
Manchester (Universal Square),7170,3351,46.7, ,5764,3082,53.5, ,12945,6440,49.7
 ,,,,,,,,,,,
Mansfield,,,,,,,,,,,
April 2021,448,234,52.2, ,370,219,59.2, ,819,453,55.3
May 2021,821,396,48.2, ,723,387,53.5, ,1545,783,50.7
June 2021,714,313,43.8, ,646,324,50.2, ,1360,637,46.8
Mansfield,1983,943,47.6, ,1739,930,53.5, ,3724,1873,50.3
 ,,,,,,,,,,,
Merthyr Tydfil,,,,,,,,,,,
April 2021,395,218,55.2, ,360,203,56.4, ,755,421,55.8
May 2021,712,374,52.5, ,565,317,56.1, ,1277,691,54.1
June 2021,634,286,45.1, ,621,312,50.2, ,1255,598,47.6
Merthyr Tydfil,1741,878,50.4, ,1546,832,53.8, ,3287,1710,52.0
 ,,,,,,,,,,,
Middlesbrough,,,,,,,,,,,
April 2021,937,490,52.3, ,837,498,59.5, ,1774,988,55.7
May 2021,1503,703,46.8, ,1506,837,55.6, ,3009,1540,51.2
June 2021,1370,624,45.5, ,1444,769,53.3, ,2814,1393,49.5
Middlesbrough,3810,1817,47.7, ,3787,2104,55.6, ,7597,3921,51.6
 ,,,,,,,,,,,
Mile End 1,,,,,,,,,,,
May 2021,179,89,49.7, ,121,80,66.1, ,300,169,56.3
June 2021,2724,1368,50.2, ,2017,1090,54.0, ,4741,2458,51.8
Mile End 1,2903,1457,50.2, ,2138,1170,54.7, ,5041,2627,52.1
 ,,,,,,,,,,,
Mile End 2,,,,,,,,,,,
June 2021,128,62,48.4, ,103,51,49.5, ,231,113,48.9
Mile End 2,128,62,48.4, ,103,51,49.5, ,231,113,48.9
 ,,,,,,,,,,,
Milton Keynes,,,,,,,,,,,
April 2021,701,413,58.9, ,588,350,59.5, ,1289,763,59.2
May 2021,1037,571,55.1, ,1044,625,59.9, ,2081,1196,57.5
June 2021,1070,524,49.0, ,1074,566,52.7, ,2145,1091,50.9
Milton Keynes,2808,1508,53.7, ,2706,1541,56.9, ,5515,3050,55.3
 ,,,,,,,,,,,
Morpeth,,,,,,,,,,,
April 2021,306,176,57.5, ,271,180,66.4, ,577,356,61.7
May 2021,554,327,59.0, ,451,297,65.9, ,1005,624,62.1
June 2021,523,314,60.0, ,553,357,64.6, ,1076,671,62.4
Morpeth,1383,817,59.1, ,1275,834,65.4, ,2658,1651,62.1
 ,,,,,,,,,,,
New Romney,,,,,,,,,,,
May 2021,..,..,.., ,..,..,.., ,10,6,60.0
New Romney,..,..,.., ,..,..,.., ,10,6,60.0
 ,,,,,,,,,,,
Newcastle,,,,,,,,,,,
April 2021,1203,681,56.6, ,962,610,63.4, ,2166,1292,59.6
May 2021,1753,1024,58.4, ,1757,1066,60.7, ,3512,2092,59.6
June 2021,1756,987,56.2, ,1826,1078,59.0, ,3582,2065,57.6
Newcastle,4712,2692,57.1, ,4545,2754,60.6, ,9260,5449,58.8
 ,,,,,,,,,,,
Newport (Gwent),,,,,,,,,,,
April 2021,494,255,51.6, ,432,269,62.3, ,926,524,56.6
May 2021,746,373,50.0, ,686,379,55.2, ,1432,752,52.5
June 2021,839,385,45.9, ,844,449,53.2, ,1683,834,49.6
Newport (Gwent),2079,1013,48.7, ,1962,1097,55.9, ,4041,2110,52.2
 ,,,,,,,,,,,
Newport-Isle Wight,,,,,,,,,,,
April 2021,87,54,62.1, ,89,55,61.8, ,176,109,61.9
May 2021,198,119,60.1, ,174,109,62.6, ,372,228,61.3
June 2021,182,96,52.7, ,229,121,52.8, ,411,217,52.8
Newport-Isle Wight,467,269,57.6, ,492,285,57.9, ,959,554,57.8
 ,,,,,,,,,,,
Northallerton2,,,,,,,,,,,
April 2021,334,188,56.3, ,245,142,58.0, ,579,330,57.0
May 2021,832,455,54.7, ,739,446,60.4, ,1571,901,57.4
June 2021,572,270,47.2, ,500,310,62.0, ,1072,580,54.1
Northallerton2,1738,913,52.5, ,1484,898,60.5, ,3222,1811,56.2
 ,,,,,,,,,,,
Northampton,,,,,,,,,,,
April 2021,845,432,51.1, ,659,349,53.0, ,1504,781,51.9
May 2021,1428,689,48.2, ,1335,735,55.1, ,2763,1424,51.5
June 2021,1456,689,47.3, ,1413,718,50.8, ,2869,1407,49.0
Northampton,3729,1810,48.5, ,3407,1802,52.9, ,7136,3612,50.6
 ,,,,,,,,,,,
Norwich (Prince of Wales Road),,,,,,,,,,,
April 2021,537,327,60.9, ,532,331,62.2, ,1069,658,61.6
May 2021,1180,647,54.8, ,1036,627,60.5, ,2216,1274,57.5
June 2021,1029,503,48.9, ,977,572,58.5, ,2006,1075,53.6
Norwich (Prince of Wales Road),2746,1477,53.8, ,2545,1530,60.1, ,5291,3007,56.8
 ,,,,,,,,,,,
Nottingham,,,,,,,,,,,
April 2021,1255,648,51.6, ,880,508,57.7, ,2135,1156,54.1
May 2021,2762,1425,51.6, ,2356,1306,55.4, ,5118,2731,53.4
June 2021,2544,1175,46.2, ,2386,1253,52.5, ,4930,2428,49.2
Nottingham,6561,3248,49.5, ,5622,3067,54.6, ,12183,6315,51.8
 ,,,,,,,,,,,
Oban,,,,,,,,,,,
May 2021,51,35,68.6, ,42,32,76.2, ,93,67,72.0
June 2021,29,20,69.0, ,32,23,71.9, ,61,43,70.5
Oban,80,55,68.8, ,74,55,74.3, ,154,110,71.4
 ,,,,,,,,,,,
Oldham,,,,,,,,,,,
April 2021,809,402,49.7, ,633,337,53.2, ,1442,739,51.2
May 2021,1216,574,47.2, ,1112,565,50.8, ,2328,1139,48.9
June 2021,1064,488,45.9, ,1123,554,49.3, ,2188,1042,47.6
Oldham,3089,1464,47.4, ,2868,1456,50.8, ,5958,2920,49.0
 ,,,,,,,,,,,
Oxford,,,,,,,,,,,
April 2021,680,402,59.1, ,610,408,66.9, ,1290,810,62.8
May 2021,1042,606,58.2, ,1051,629,59.8, ,2093,1235,59.0
June 2021,1060,553,52.2, ,1047,584,55.8, ,2107,1137,54.0
Oxford,2782,1561,56.1, ,2708,1621,59.9, ,5490,3182,58.0
 ,,,,,,,,,,,
Penzance,,,,,,,,,,,
April 2021,42,22,52.4, ,45,29,64.4, ,87,51,58.6
May 2021,106,68,64.2, ,84,56,66.7, ,190,124,65.3
June 2021,126,77,61.1, ,96,58,60.4, ,222,135,60.8
Penzance,274,167,60.9, ,225,143,63.6, ,499,310,62.1
 ,,,,,,,,,,,
Peterborough,,,,,,,,,,,
April 2021,530,283,53.4, ,474,243,51.3, ,1004,526,52.4
May 2021,1193,574,48.1, ,1027,551,53.7, ,2221,1125,50.7
June 2021,1136,527,46.4, ,1128,551,48.8, ,2264,1078,47.6
Peterborough,2859,1384,48.4, ,2629,1345,51.2, ,5489,2729,49.7
 ,,,,,,,,,,,
Peterhead,,,,,,,,,,,
June 2021,..,..,.., ,..,..,.., ,12,7,58.3
Peterhead,..,..,.., ,..,..,.., ,12,7,58.3
 ,,,,,,,,,,,
Pitlochry2,,,,,,,,,,,
June 2021,..,..,.., ,..,..,77.8, ,13,11,84.6
Pitlochry2,..,..,.., ,..,..,77.8, ,13,11,84.6
 ,,,,,,,,,,,
Plymouth,,,,,,,,,,,
April 2021,491,293,59.7, ,385,253,65.7, ,876,546,62.3
May 2021,719,354,49.2, ,715,433,60.6, ,1434,787,54.9
June 2021,899,445,49.5, ,845,457,54.1, ,1744,902,51.7
Plymouth,2109,1092,51.8, ,1945,1143,58.8, ,4054,2235,55.1
 ,,,,,,,,,,,
Portree,,,,,,,,,,,
June 2021,8,7,87.5, ,20,15,75.0, ,28,22,78.6
Portree,8,7,87.5, ,20,15,75.0, ,28,22,78.6
 ,,,,,,,,,,,
Portsmouth,,,,,,,,,,,
April 2021,489,259,53.0, ,398,221,55.5, ,887,480,54.1
May 2021,768,424,55.2, ,725,400,55.2, ,1493,824,55.2
June 2021,814,397,48.8, ,785,409,52.1, ,1600,806,50.4
Portsmouth,2071,1080,52.1, ,1908,1030,54.0, ,3980,2110,53.0
 ,,,,,,,,,,,
Preston,,,,,,,,,,,
April 2021,1225,683,55.8, ,814,472,58.0, ,2041,1157,56.7
May 2021,2293,1177,51.3, ,1933,1094,56.6, ,4226,2271,53.7
June 2021,2223,1039,46.7, ,2128,1123,52.8, ,4351,2162,49.7
Preston,5741,2899,50.5, ,4875,2689,55.2, ,10618,5590,52.6
 ,,,,,,,,,,,
Reading,,,,,,,,,,,
April 2021,1169,704,60.2, ,1023,648,63.3, ,2192,1352,61.7
May 2021,1964,1120,57.0, ,1796,1059,59.0, ,3762,2180,57.9
June 2021,2057,1096,53.3, ,1910,1101,57.6, ,3970,2198,55.4
Reading,5190,2920,56.3, ,4729,2808,59.4, ,9924,5730,57.7
 ,,,,,,,,,,,
Redditch,,,,,,,,,,,
April 2021,389,231,59.4, ,266,151,56.8, ,655,382,58.3
May 2021,851,459,53.9, ,663,390,58.8, ,1514,849,56.1
June 2021,724,402,55.5, ,705,413,58.6, ,1429,815,57.0
Redditch,1964,1092,55.6, ,1634,954,58.4, ,3598,2046,56.9
 ,,,,,,,,,,,
Rhyl,,,,,,,,,,,
April 2021,346,175,50.6, ,327,197,60.2, ,674,373,55.3
May 2021,673,365,54.2, ,634,337,53.2, ,1307,702,53.7
June 2021,678,312,46.0, ,653,346,53.0, ,1331,658,49.4
Rhyl,1697,852,50.2, ,1614,880,54.5, ,3312,1733,52.3
 ,,,,,,,,,,,
Salford,,,,,,,,,,,
April 2021,589,318,54.0, ,486,327,67.3, ,1076,646,60.0
May 2021,895,467,52.2, ,770,449,58.3, ,1665,916,55.0
June 2021,779,377,48.4, ,701,392,55.9, ,1481,770,52.0
Salford,2263,1162,51.3, ,1957,1168,59.7, ,4222,2332,55.2
 ,,,,,,,,,,,
Salford A,,,,,,,,,,,
April 2021,506,253,50.0, ,341,206,60.4, ,847,459,54.2
May 2021,2610,1347,51.6, ,1914,1088,56.8, ,4529,2437,53.8
June 2021,2918,1352,46.3, ,2453,1254,51.1, ,5371,2606,48.5
Salford A,6034,2952,48.9, ,4708,2548,54.1, ,10747,5502,51.2
 ,,,,,,,,,,,
Salford B,,,,,,,,,,,
June 2021,365,161,44.1, ,287,151,52.6, ,652,312,47.9
Salford B,365,161,44.1, ,287,151,52.6, ,652,312,47.9
 ,,,,,,,,,,,
Salisbury 2,,,,,,,,,,,
April 2021,255,164,64.3, ,192,125,65.1, ,447,289,64.7
May 2021,401,225,56.1, ,374,214,57.2, ,775,439,56.6
June 2021,455,220,48.4, ,440,239,54.3, ,895,459,51.3
Salisbury 2,1111,609,54.8, ,1006,578,57.5, ,2117,1187,56.1
 ,,,,,,,,,,,
Saxmundham,,,,,,,,,,,
May 2021,..,..,.., ,..,..,.., ,..,..,..
Saxmundham,..,..,.., ,..,..,.., ,..,..,..
 ,,,,,,,,,,,
Scarborough,,,,,,,,,,,
April 2021,230,118,51.3, ,192,113,58.9, ,422,231,54.7
May 2021,499,247,49.5, ,390,208,53.3, ,889,455,51.2
June 2021,538,267,49.6, ,500,273,54.6, ,1038,540,52.0
Scarborough,1267,632,49.9, ,1082,594,54.9, ,2349,1226,52.2
 ,,,,,,,,,,,
Scunthorpe,,,,,,,,,,,
April 2021,221,109,49.3, ,159,81,50.9, ,380,190,50.0
May 2021,423,194,45.9, ,386,218,56.5, ,809,412,50.9
June 2021,401,173,43.1, ,377,180,47.7, ,778,353,45.4
Scunthorpe,1045,476,45.6, ,922,479,52.0, ,1967,955,48.6
 ,,,,,,,,,,,
Sheffield,,,,,,,,,,,
April 2021,1255,654,52.1, ,1045,591,56.6, ,2300,1245,54.1
May 2021,2177,1109,50.9, ,1889,1003,53.1, ,4066,2112,51.9
June 2021,1892,909,48.0, ,1973,1020,51.7, ,3865,1929,49.9
Sheffield,5324,2672,50.2, ,4907,2614,53.3, ,10231,5286,51.7
 ,,,,,,,,,,,
Shrewsbury,,,,,,,,,,,
April 2021,551,300,54.4, ,450,300,66.7, ,1001,600,59.9
May 2021,1089,571,52.4, ,1010,577,57.1, ,2100,1149,54.7
June 2021,1095,559,51.1, ,1046,583,55.7, ,2141,1142,53.3
Shrewsbury,2735,1430,52.3, ,2506,1460,58.3, ,5242,2891,55.2
 ,,,,,,,,,,,
Sidcup,,,,,,,,,,,
April 2021,1267,739,58.3, ,1169,697,59.6, ,2436,1436,58.9
May 2021,1851,1063,57.4, ,2061,1238,60.1, ,3912,2301,58.8
June 2021,2062,1018,49.4, ,2257,1205,53.4, ,4319,2223,51.5
Sidcup,5180,2820,54.4, ,5487,3140,57.2, ,10667,5960,55.9
 ,,,,,,,,,,,
Skegness,,,,,,,,,,,
April 2021,..,..,87.5, ,..,..,83.3, ,14,12,85.7
June 2021,..,..,66.7, ,..,..,.., ,16,13,81.3
Skegness,17,13,76.5, ,13,12,92.3, ,30,25,83.3
 ,,,,,,,,,,,
Skipton2,,,,,,,,,,,
April 2021,254,160,63.0, ,177,91,51.4, ,431,251,58.2
May 2021,775,413,53.3, ,591,348,58.9, ,1366,761,55.7
June 2021,795,374,47.0, ,711,382,53.7, ,1506,756,50.2
Skipton2,1824,947,51.9, ,1479,821,55.5, ,3303,1768,53.5
 ,,,,,,,,,,,
Slough,,,,,,,,,,,
April 2021,1007,497,49.4, ,670,383,57.2, ,1677,880,52.5
May 2021,1450,719,49.6, ,1102,603,54.7, ,2552,1322,51.8
June 2021,1522,679,44.6, ,1278,673,52.7, ,2800,1352,48.3
Slough,3979,1895,47.6, ,3050,1659,54.4, ,7029,3554,50.6
 ,,,,,,,,,,,
Southampton (Anglo City),,,,,,,,,,,
April 2021,695,397,57.1, ,589,358,60.8, ,1284,755,58.8
May 2021,1118,615,55.0, ,1068,641,60.0, ,2187,1256,57.4
June 2021,1180,619,52.5, ,1148,662,57.7, ,2329,1281,55.0
Southampton (Anglo City),2993,1631,54.5, ,2805,1661,59.2, ,5800,3292,56.8
 ,,,,,,,,,,,
Southend on Sea,,,,,,,,,,,
April 2021,389,224,57.6, ,319,178,55.8, ,709,403,56.8
May 2021,938,483,51.5, ,819,453,55.3, ,1758,937,53.3
June 2021,995,487,48.9, ,867,438,50.5, ,1862,925,49.7
Southend on Sea,2322,1194,51.4, ,2005,1069,53.3, ,4329,2265,52.3
 ,,,,,,,,,,,
Southgate,,,,,,,,,,,
April 2021,1900,985,51.8, ,1566,876,55.9, ,3466,1861,53.7
May 2021,2557,1281,50.1, ,2498,1305,52.2, ,5056,2587,51.2
June 2021,2297,1120,48.8, ,2374,1227,51.7, ,4672,2348,50.3
Southgate,6754,3386,50.1, ,6438,3408,52.9, ,13194,6796,51.5
 ,,,,,,,,,,,
Southport,,,,,,,,,,,
April 2021,236,127,53.8, ,206,125,60.7, ,442,252,57.0
May 2021,655,341,52.1, ,638,377,59.1, ,1295,720,55.6
June 2021,707,349,49.4, ,735,376,51.2, ,1442,725,50.3
Southport,1598,817,51.1, ,1579,878,55.6, ,3179,1697,53.4
 ,,,,,,,,,,,
Southwark (Shand Street),,,,,,,,,,,
April 2021,1918,1157,60.3, ,1410,910,64.5, ,3328,2067,62.1
May 2021,2801,1669,59.6, ,2493,1495,60.0, ,5295,3165,59.8
June 2021,2671,1495,56.0, ,2762,1571,56.9, ,5433,3066,56.4
Southwark (Shand Street),7390,4321,58.5, ,6665,3976,59.7, ,14056,8298,59.0
 ,,,,,,,,,,,
St Helens,,,,,,,,,,,
April 2021,512,287,56.1, ,516,295,57.2, ,1028,582,56.6
May 2021,737,392,53.2, ,770,421,54.7, ,1507,813,53.9
June 2021,677,355,52.4, ,823,469,57.0, ,1500,824,54.9
St Helens,1926,1034,53.7, ,2109,1185,56.2, ,4035,2219,55.0
 ,,,,,,,,,,,
Staines,,,,,,,,,,,
April 2021,728,381,52.3, ,554,312,56.3, ,1282,693,54.1
May 2021,1083,564,52.1, ,863,470,54.5, ,1946,1034,53.1
June 2021,1024,469,45.8, ,989,525,53.1, ,2014,994,49.4
Staines,2835,1414,49.9, ,2406,1307,54.3, ,5242,2721,51.9
 ,,,,,,,,,,,
Stevenage (Middlesex House),,,,,,,,,,,
April 2021,583,346,59.3, ,475,304,64.0, ,1058,650,61.4
May 2021,970,522,53.8, ,869,522,60.1, ,1839,1044,56.8
June 2021,930,487,52.4, ,890,486,54.6, ,1820,973,53.5
Stevenage (Middlesex House),2483,1355,54.6, ,2234,1312,58.7, ,4717,2667,56.5
 ,,,,,,,,,,,
Stirling,,,,,,,,,,,
April 2021,24,15,62.5, ,28,21,75.0, ,52,36,69.2
May 2021,231,169,73.2, ,291,213,73.2, ,522,382,73.2
June 2021,244,171,70.1, ,308,211,68.5, ,552,382,69.2
Stirling,499,355,71.1, ,627,445,71.0, ,1126,800,71.0
 ,,,,,,,,,,,
Stockport,,,,,,,,,,,
April 2021,659,351,53.3, ,541,315,58.2, ,1201,667,55.5
May 2021,1030,567,55.0, ,969,591,61.0, ,2001,1160,58.0
June 2021,944,463,49.0, ,1029,587,57.0, ,1973,1050,53.2
Stockport,2633,1381,52.4, ,2539,1493,58.8, ,5175,2877,55.6
 ,,,,,,,,,,,
Stoke-on-Trent,,,,,,,,,,,
April 2021,932,485,52.0, ,767,478,62.3, ,1699,963,56.7
May 2021,1566,817,52.2, ,1343,793,59.0, ,2909,1610,55.3
June 2021,1640,828,50.5, ,1616,878,54.3, ,3256,1706,52.4
Stoke-on-Trent,4138,2130,51.5, ,3726,2149,57.7, ,7864,4279,54.4
 ,,,,,,,,,,,
Stornoway,,,,,,,,,,,
April 2021,..,..,.., ,..,..,.., ,..,..,..
May 2021,..,..,48.3, ,..,..,57.1, ,..,..,53.5
June 2021,32,22,68.8, ,47,23,48.9, ,79,45,57.0
Stornoway,65,39,60.0, ,93,49,52.7, ,158,88,55.7
 ,,,,,,,,,,,
Stranraer2,,,,,,,,,,,
May 2021,..,..,88.9, ,..,..,46.2, ,22,14,63.6
June 2021,..,..,75.0, ,..,..,44.4, ,25,16,64.0
Stranraer2,25,20,80.0, ,22,10,45.5, ,47,30,63.8
 ,,,,,,,,,,,
Stratford upon Avon,,,,,,,,,,,
April 2021,365,210,57.5, ,283,198,70.0, ,648,408,63.0
May 2021,875,476,54.4, ,729,442,60.6, ,1604,918,57.2
June 2021,560,314,56.1, ,535,313,58.5, ,1095,627,57.3
Stratford upon Avon,1800,1000,55.6, ,1547,953,61.6, ,3347,1953,58.4
 ,,,,,,,,,,,
Sunderland,,,,,,,,,,,
April 2021,554,289,52.2, ,525,312,59.4, ,1079,601,55.7
May 2021,848,454,53.5, ,866,490,56.6, ,1714,944,55.1
June 2021,930,460,49.5, ,932,520,55.8, ,1863,981,52.7
Sunderland,2332,1203,51.6, ,2323,1322,56.9, ,4656,2526,54.3
 ,,,,,,,,,,,
Sutton Coldfield 2,,,,,,,,,,,
April 2021,788,437,55.5, ,612,356,58.2, ,1400,793,56.6
May 2021,1318,715,54.2, ,1258,725,57.6, ,2576,1440,55.9
June 2021,1400,687,49.1, ,1337,697,52.1, ,2738,1385,50.6
Sutton Coldfield 2,3506,1839,52.5, ,3207,1778,55.4, ,6714,3618,53.9
 ,,,,,,,,,,,
Swansea,,,,,,,,,,,
April 2021,679,379,55.8, ,528,307,58.1, ,1207,686,56.8
May 2021,1238,587,47.4, ,1134,608,53.6, ,2373,1196,50.4
June 2021,1315,645,49.0, ,1307,652,49.9, ,2622,1297,49.5
Swansea,3232,1611,49.8, ,2969,1567,52.8, ,6202,3179,51.3
 ,,,,,,,,,,,
Swindon,,,,,,,,,,,
April 2021,703,405,57.6, ,585,366,62.6, ,1288,771,59.9
May 2021,1130,575,50.9, ,959,509,53.1, ,2089,1084,51.9
June 2021,984,480,48.8, ,945,468,49.5, ,1930,948,49.1
Swindon,2817,1460,51.8, ,2489,1343,54.0, ,5307,2803,52.8
 ,,,,,,,,,,,
Tarbert2,,,,,,,,,,,
May 2021,..,..,.., ,..,..,.., ,12,11,91.7
Tarbert2,..,..,.., ,..,..,.., ,12,11,91.7
 ,,,,,,,,,,,
Taunton,,,,,,,,,,,
April 2021,367,211,57.5, ,327,196,59.9, ,695,408,58.7
May 2021,675,347,51.4, ,567,351,61.9, ,1242,698,56.2
June 2021,621,301,48.5, ,613,330,53.8, ,1234,631,51.1
Taunton,1663,859,51.7, ,1507,877,58.2, ,3171,1737,54.8
 ,,,,,,,,,,,
Tongue,,,,,,,,,,,
June 2021,..,..,.., ,..,..,.., ,..,..,..
Tongue,..,..,.., ,..,..,.., ,..,..,..
 ,,,,,,,,,,,
Torquay,,,,,,,,,,,
April 2021,255,142,55.7, ,213,140,65.7, ,468,282,60.3
May 2021,426,239,56.1, ,356,204,57.3, ,782,443,56.6
June 2021,403,203,50.4, ,423,227,53.7, ,826,430,52.1
Torquay,1084,584,53.9, ,992,571,57.6, ,2076,1155,55.6
 ,,,,,,,,,,,
Truro,,,,,,,,,,,
April 2021,277,169,61.0, ,244,163,66.8, ,521,332,63.7
May 2021,478,282,59.0, ,491,306,62.3, ,969,588,60.7
June 2021,691,365,52.8, ,668,383,57.3, ,1360,749,55.1
Truro,1446,816,56.4, ,1403,852,60.7, ,2850,1669,58.6
 ,,,,,,,,,,,
Tunbridge Wells,,,,,,,,,,,
April 2021,209,147,70.3, ,168,118,70.2, ,377,265,70.3
May 2021,354,224,63.3, ,323,202,62.5, ,677,426,62.9
June 2021,360,207,57.5, ,370,241,65.1, ,730,448,61.4
Tunbridge Wells,923,578,62.6, ,861,561,65.2, ,1784,1139,63.8
 ,,,,,,,,,,,
Uxbridge 2,,,,,,,,,,,
April 2021,1611,796,49.4, ,1120,573,51.2, ,2731,1369,50.1
May 2021,2266,1060,46.8, ,1894,974,51.4, ,4160,2034,48.9
June 2021,2161,967,44.7, ,2203,1035,47.0, ,4365,2003,45.9
Uxbridge 2,6038,2823,46.8, ,5217,2582,49.5, ,11256,5406,48.0
 ,,,,,,,,,,,
Watford,,,,,,,,,,,
April 2021,1620,846,52.2, ,1175,734,62.5, ,2796,1581,56.5
May 2021,2571,1312,51.0, ,2205,1278,58.0, ,4777,2591,54.2
June 2021,2787,1362,48.9, ,2507,1373,54.8, ,5294,2735,51.7
Watford,6978,3520,50.4, ,5887,3385,57.5, ,12867,6907,53.7
 ,,,,,,,,,,,
Weymouth,,,,,,,,,,,
April 2021,127,67,52.8, ,125,89,71.2, ,252,156,61.9
May 2021,225,109,48.4, ,215,125,58.1, ,440,234,53.2
June 2021,281,137,48.8, ,236,131,55.5, ,517,268,51.8
Weymouth,633,313,49.4, ,576,345,59.9, ,1209,658,54.4
 ,,,,,,,,,,,
Wick,,,,,,,,,,,
May 2021,28,19,67.9, ,22,10,45.5, ,50,29,58.0
Wick,28,19,67.9, ,22,10,45.5, ,50,29,58.0
 ,,,,,,,,,,,
Wigan,,,,,,,,,,,
April 2021,471,273,58.0, ,384,221,57.6, ,855,494,57.8
May 2021,700,363,51.9, ,612,350,57.2, ,1312,713,54.3
June 2021,705,322,45.7, ,778,434,55.8, ,1484,757,51.0
Wigan,1876,958,51.1, ,1774,1005,56.7, ,3651,1964,53.8
 ,,,,,,,,,,,
Wolverhampton,,,,,,,,,,,
April 2021,1198,608,50.8, ,916,498,54.4, ,2114,1106,52.3
May 2021,2836,1363,48.1, ,2209,1103,49.9, ,5045,2466,48.9
June 2021,3107,1330,42.8, ,2702,1320,48.9, ,5809,2650,45.6
Wolverhampton,7141,3301,46.2, ,5827,2921,50.1, ,12968,6222,48.0
 ,,,,,,,,,,,
Worcester,,,,,,,,,,,
April 2021,349,191,54.7, ,333,219,65.8, ,682,410,60.1
May 2021,822,397,48.3, ,774,484,62.5, ,1598,882,55.2
June 2021,696,361,51.9, ,687,368,53.6, ,1383,729,52.7
Worcester,1867,949,50.8, ,1794,1071,59.7, ,3663,2021,55.2
 ,,,,,,,,,,,
Workington,,,,,,,,,,,
April 2021,82,57,69.5, ,83,60,72.3, ,165,117,70.9
May 2021,90,59,65.6, ,100,63,63.0, ,190,122,64.2
June 2021,140,66,47.1, ,138,86,62.3, ,278,152,54.7
Workington,312,182,58.3, ,321,209,65.1, ,633,391,61.8
 ,,,,,,,,,,,
Worthing,,,,,,,,,,,
April 2021,336,198,58.9, ,286,177,61.9, ,622,375,60.3
May 2021,722,372,51.5, ,653,390,59.7, ,1375,762,55.4
June 2021,784,401,51.1, ,662,380,57.4, ,1446,781,54.0
Worthing,1842,971,52.7, ,1601,947,59.2, ,3443,1918,55.7
 ,,,,,,,,,,,
Yeovil,,,,,,,,,,,
April 2021,193,113,58.5, ,171,120,70.2, ,364,233,64.0
May 2021,309,163,52.8, ,312,179,57.4, ,621,342,55.1
June 2021,396,181,45.7, ,391,224,57.3, ,787,405,51.5
Yeovil,898,457,50.9, ,874,523,59.8, ,1772,980,55.3
 ,,,,,,,,,,,
York,,,,,,,,,,,
April 2021,396,249,62.9, ,338,225,66.6, ,734,474,64.6
May 2021,964,553,57.4, ,807,498,61.7, ,1771,1051,59.3
June 2021,975,509,52.2, ,904,547,60.5, ,1879,1056,56.2
York,2335,1311,56.1, ,2049,1270,62.0, ,4384,2581,58.9
 ,,,,,,,,,,,
National Figures,386394,199855,51.7, ,347010,195824,56.4, ,733543,395772,54.0
